{
    "students" : [
        {
            "id" : 0,
            "name" : "Brad Bensch"
        },
        {
            "id" : 1,
            "name" : "Stephen Brewster"
        },
        {
            "id" : 2,
            "name" : "Matt Mokary"
        },
        {
            "id" : 3,
            "name" : "Chris Norman"
        },
        {
            "id" : 4,
            "name" : "Kurt Poquette"
        }
    ],
    "instructors": [
        {
            "id" : 0,
            "name" : "Bob Kuehl"
        }
    ],
	"words": [
		{
			"id" : 0,
			"name" : "Seattle"
		},
		{
			"id" : 1,
			"name" : "Coffee"
		},
		{
			"id" : 2,
			"name" : "Zoo"
		},
		{
			"id" : 3,
			"name" : "Adventure"
		},
		{
			"id" : 4,
			"name" : "Distraction"
		},
		{
			"id" : 5,
			"name" : "Board"
		}
	]
}
